MEDIA_ID,MEDIA_NAME,CNT,TIME(2025/01/21 15:26:48.608),TIMETICK(f=10000000),FPOGX,FPOGY,FPOGS,FPOGD,FPOGID,FPOGV,BPOGX,BPOGY,BPOGV,CX,CY,CS,KB,KBS,USER,LPCX,LPCY,LPD,LPS,LPV,RPCX,RPCY,RPD,RPS,RPV,BKID,BKDUR,BKPMIN,LPMM,LPMMV,RPMM,RPMMV,DIAL,DIALV,GSR,GSR_US,GSR_US_TONIC,GSR_US_PHASIC,GSRV,HR,HRV,HRP,IBI,TTL0,TTL1,TTL2,TTL3,TTL4,TTL5,TTL6,TTLV,PIXS,PIXV,AOI,SACCADE_MAG,SACCADE_DIR,VID_FRAME,
0,NewMedia0,4,0.06531,2367045208919,0.69403,-0.97336,0.00000,0.06531,1,1,0.68975,-0.99479,1,0.47396,0.11296,0, ,0,,0.25370,0.25388,15.97844,0.63526,1,0.60773,0.16870,17.57516,0.63860,1,0,0.00000,6,4.66192,1,5.15998,1,0.00000,0,0,0.00000,0.00000,0.00000,0,0,0,0,0.000,1,1,1,1,1,1,1,0,0.00000,0,,0.00000,0.00000,0,
0,NewMedia0,20,0.32933,2367047849079,0.66240,-0.96689,0.13121,0.19812,2,1,0.31112,0.16180,1,0.47396,0.11296,0, ,0,,0.25185,0.26308,16.08509,0.61453,1,0.60539,0.17898,17.81181,0.60861,1,0,0.00000,6,4.65621,1,5.01044,1,0.00000,0,0,0.00000,0.00000,0.00000,0,0,0,0,0.000,1,1,1,1,1,1,1,0,0.00000,0,,61.13029,186.56358,0,
0,NewMedia0,39,0.64056,2367050961450,0.30421,0.12685,0.39423,0.24634,3,1,0.21322,0.34486,1,0.47396,0.11296,0, ,0,,0.24870,0.26610,15.70280,0.59368,1,0.60195,0.18091,16.67232,0.59083,1,0,0.00000,6,4.68696,1,4.79769,1,0.00000,0,0,0.00000,0.00000,0.00000,0,0,0,0,0.000,1,1,1,1,1,1,1,0,0.00000,0,,1366.85461,239.79178,0,
0,NewMedia0,44,0.72278,2367051783581,0.31480,0.10467,0.65698,0.06580,4,1,0.43448,-0.20980,1,0.47396,0.11296,0, ,0,,0.24973,0.26483,15.87007,0.58051,1,0.60299,0.17996,16.78186,0.58600,1,0,0.00000,6,4.71261,1,4.86948,1,0.00000,0,0,0.00000,0.00000,0.00000,0,0,0,0,0.000,1,1,1,1,1,1,1,0,0.00000,0,,31.42033,49.67495,0,
0,NewMedia0,62,1.01810,2367054736781,0.69454,-0.95608,0.78928,0.22882,5,1,0.72128,-1.11008,1,0.47396,0.11296,0, ,0,,0.25272,0.25889,16.03739,0.62662,1,0.60726,0.17412,16.59442,0.63303,1,0,0.00000,6,4.76035,1,4.88327,1,0.00000,0,0,0.00000,0.00000,0.00000,0,0,0,0,0.000,1,1,1,1,1,1,1,0,0.00000,0,,1357.94336,57.52610,0,
0,NewMedia0,71,1.16617,2367056217510,0.66104,-0.99979,1.08429,0.08188,6,1,0.40801,-0.09189,1,0.47396,0.11296,0, ,0,,0.25574,0.26333,16.10219,0.65835,1,0.61014,0.17844,16.76769,0.65835,1,0,0.00000,6,4.77752,1,4.99146,1,0.00000,0,0,0.00000,0.00000,0.00000,0,0,0,0,0.000,1,1,1,1,1,1,1,0,0.00000,0,,79.78441,143.72372,0,
0,NewMedia0,106,1.74213,2367061977020,0.43693,-0.04675,1.23160,0.51053,7,1,0.38375,-0.02537,1,0.47396,0.11296,0, ,0,,0.29595,0.25688,15.43371,0.60771,1,0.65104,0.17447,16.83348,0.60771,1,0,0.00000,6,4.60923,1,4.88021,1,0.00000,0,0,0.00000,0.00000,0.00000,0,0,0,0,0.000,1,1,1,1,1,1,1,0,0.00000,0,,1115.60498,247.31267,0,
0,NewMedia0,147,2.41515,2367068707202,0.55128,-2.55295,2.20140,0.21375,8,1,0.56972,-2.45687,1,0.47396,0.11296,0, ,0,,0.23413,0.27097,16.05024,0.57733,1,0.58075,0.17411,17.40400,0.57997,1,0,0.00000,6,4.77169,1,5.05467,1,0.00000,0,0,0.00000,0.00000,0.00000,0,0,0,0,0.000,1,1,1,1,1,1,1,0,0.00000,0,,2715.58569,85.36264,0,
0,NewMedia0,160,2.62863,2367070842164,0.54192,-2.29562,2.43152,0.19711,9,1,0.63184,-0.84714,1,0.47396,0.11296,0, ,0,,0.23330,0.28415,16.75538,0.61749,1,0.58172,0.18124,17.82890,0.61199,1,0,0.00000,6,5.01318,1,5.28421,1,0.00000,0,0,0.00000,0.00000,0.00000,0,0,0,0,0.000,1,1,1,1,1,1,1,0,0.00000,0,,278.49670,266.30017,0,
0,NewMedia0,179,2.94031,2367073958851,0.61288,-0.82189,2.74309,0.19722,10,1,0.58148,-2.36117,1,0.47396,0.11296,0, ,0,,0.23654,0.28757,15.33598,0.57739,1,0.58743,0.18764,17.68815,0.57475,1,0,0.00000,6,4.61292,1,5.08027,1,0.00000,0,0,0.00000,0.00000,0.00000,0,0,0,0,0.000,1,1,1,1,1,1,1,0,0.00000,0,,1597.44897,274.89258,0,
0,NewMedia0,213,3.49901,2367079545804,0.33551,-3.28157,3.25249,0.24652,11,1,0.41151,-3.12160,1,0.47396,0.11296,0, ,0,,0.24653,0.28185,15.50268,0.62750,1,0.59782,0.18130,16.82143,0.62442,1,0,0.00000,6,4.76060,1,5.05932,1,0.00000,0,0,0.00000,0.00000,0.00000,0,0,0,0,0.000,1,1,1,1,1,1,1,0,0.00000,0,,2709.30981,101.33605,0,
0,NewMedia0,244,4.00815,2367084637336,0.68949,-0.96559,3.95938,0.04877,12,1,0.71169,-1.02148,1,0.47396,0.11296,0, ,0,,0.25166,0.28226,15.89155,0.58547,1,0.60599,0.18241,17.01437,0.57997,1,0,0.00000,6,4.64533,1,4.92341,1,0.00000,0,0,0.00000,0.00000,0.00000,0,0,0,0,0.000,1,1,1,1,1,1,1,0,0.00000,0,,2591.95020,285.20139,0,
0,NewMedia0,251,4.12311,2367085786805,0.65514,-2.66774,4.07393,0.04918,13,1,0.62723,-2.92196,1,0.47396,0.11296,0, ,0,,0.25300,0.28266,15.00037,0.59360,1,0.60862,0.18487,16.40810,0.59645,1,0,0.00000,6,4.50311,1,4.90942,1,0.00000,0,0,0.00000,0.00000,0.00000,0,0,0,0,0.000,1,1,1,1,1,1,1,0,0.00000,0,,1839.50500,92.05467,0,
0,NewMedia0,257,4.22208,2367086776496,0.58553,-2.76744,4.13997,0.08211,14,1,0.56658,-2.61488,1,0.47396,0.11296,0, ,0,,0.25617,0.27996,14.64292,0.59360,1,0.61298,0.18304,16.44269,0.59645,1,0,0.00000,6,4.29896,1,4.82489,1,0.00000,0,0,0.00000,0.00000,0.00000,0,0,0,0,0.000,1,1,1,1,1,1,1,0,0.00000,0,,171.62964,141.14343,0,
0,NewMedia0,279,4.59979,2367090553659,0.80098,-1.16246,4.55103,0.04877,15,1,0.76738,-1.21528,1,0.47396,0.11296,0, ,0,,0.27296,0.27133,16.61506,0.62894,1,0.63322,0.17700,17.72120,0.63201,1,0,0.00000,7,4.59655,1,5.07339,1,0.00000,0,0,0.00000,0.00000,0.00000,0,0,0,0,0.000,1,1,1,1,1,1,1,0,0.00000,0,,1782.05469,283.42236,0,
0,NewMedia0,319,5.26024,2367097158108,-0.39715,1.81425,5.20767,0.05257,16,1,-0.47543,1.78437,1,0.47396,0.11296,0, ,0,,0.29603,0.28824,14.42633,0.92943,1,0.65898,0.19927,16.31411,0.92943,1,0,0.00000,7,4.66028,1,4.58113,1,0.00000,0,0,0.00000,0.00000,0.00000,0,0,0,0,0.000,1,1,1,1,1,1,1,0,0.00000,0,,3953.11572,234.41406,0,
0,NewMedia0,334,5.50487,2367099604405,0.65459,-0.64373,5.42299,0.08188,17,1,1.14008,-0.42565,1,0.47396,0.11296,0, ,0,,0.27748,0.27998,15.37017,0.79001,1,0.63537,0.19105,16.92397,0.79001,1,0,0.00000,7,4.37466,1,4.54753,1,0.00000,0,0,0.00000,0.00000,0.00000,0,0,0,0,0.000,1,1,1,1,1,1,1,0,0.00000,0,,3335.37646,52.74012,0,
0,NewMedia0,356,5.86507,2367103206420,0.41539,-0.04631,5.66730,0.19777,18,1,0.45374,-0.12143,1,0.47396,0.11296,0, ,0,,0.27007,0.28953,15.57761,0.65835,1,0.62904,0.19995,16.38277,0.65835,1,0,0.00000,7,4.42509,1,4.65032,1,0.00000,0,0,0.00000,0.00000,0.00000,0,0,0,0,0.000,1,1,1,1,1,1,1,0,0.00000,0,,791.97479,234.55667,0,
0,NewMedia0,360,5.93073,2367103863000,0.44992,-0.08526,5.88120,0.04953,19,1,0.47796,-0.07877,1,0.47396,0.11296,0, ,0,,0.26536,0.29068,15.13642,0.66573,1,0.62242,0.20069,16.15655,0.67331,1,0,0.00000,7,4.44038,1,4.69961,1,0.00000,0,0,0.00000,0.00000,0.00000,0,0,0,0,0.000,1,1,1,1,1,1,1,0,0.00000,0,,78.51696,32.39525,0,
0,NewMedia0,389,6.40843,2367108640165,0.10916,0.81416,6.19342,0.21501,20,1,0.16804,0.69766,1,0.47396,0.11296,0, ,0,,0.24586,0.29906,18.80093,0.75950,1,0.59447,0.20569,20.02488,0.78366,1,0,0.00000,7,6.21806,1,5.41606,1,0.00000,0,0,0.00000,0.00000,0.00000,0,0,0,0,0.000,1,1,1,1,1,1,1,0,0.00000,0,,1171.16260,236.03815,0,
0,NewMedia0,403,6.63660,2367110921734,0.24286,0.81242,6.57101,0.06558,21,1,0.31529,0.71536,1,0.47396,0.11296,0, ,0,,0.22461,0.28301,16.74358,0.83549,1,0.56761,0.19078,17.33868,0.82896,1,0,0.00000,7,4.97825,1,5.18602,1,0.00000,0,0,0.00000,0.00000,0.00000,0,0,0,0,0.000,1,1,1,1,1,1,1,0,0.00000,0,,256.71085,0.41941,0,
0,NewMedia0,412,6.78453,2367112401110,0.42121,0.29712,6.70279,0.08174,22,1,0.47263,0.17384,1,0.47396,0.11296,0, ,0,,0.22083,0.28407,17.26176,0.79001,1,0.56397,0.19075,18.00657,0.79001,1,0,0.00000,7,4.91756,1,5.44087,1,0.00000,0,0,0.00000,0.00000,0.00000,0,0,0,0,0.000,1,1,1,1,1,1,1,0,0.00000,0,,653.43610,58.39581,0,
0,NewMedia0,430,7.08051,2367115360780,0.54958,-0.93296,6.89989,0.18062,23,1,0.44555,-3.02368,1,0.47396,0.11296,0, ,0,,0.22249,0.28956,15.67975,0.60325,1,0.56922,0.19337,17.20063,0.60325,1,0,0.00000,7,4.73865,1,5.11519,1,0.00000,0,0,0.00000,0.00000,0.00000,0,0,0,0,0.000,1,1,1,1,1,1,1,0,0.00000,0,,1351.15649,79.48958,0,
0,NewMedia0,447,7.35948,2367118150604,0.38012,-3.14375,7.14589,0.21359,24,1,0.74291,-3.30238,1,0.47396,0.11296,0, ,0,,0.23127,0.29778,15.97541,0.60730,1,0.58184,0.20205,17.86967,0.60219,1,0,0.00000,7,4.79450,1,5.26471,1,0.00000,0,0,0.00000,0.00000,0.00000,0,0,0,0,0.000,1,1,1,1,1,1,1,0,0.00000,0,,2409.71973,97.75984,0,
0,NewMedia0,486,8.00055,2367124561345,0.27328,0.69238,7.77000,0.23055,25,1,0.26529,0.76998,1,0.47396,0.11296,0, ,0,,0.24104,0.31031,16.06185,0.80113,1,0.59661,0.21588,17.10164,0.79001,1,0,0.00000,6,4.65465,1,4.98863,1,0.00000,0,0,0.00000,0.00000,0.00000,0,0,0,0,0.000,1,1,1,1,1,1,1,0,0.00000,0,,4148.09570,267.16544,0,
0,NewMedia0,502,8.26355,2367127191296,0.95724,-1.38133,8.16473,0.09882,26,1,1.48353,-2.04850,1,0.47396,0.11296,0, ,0,,0.24756,0.28613,16.09432,0.81556,1,0.60599,0.19043,19.68568,0.82210,1,0,0.00000,6,4.54473,1,5.24320,1,0.00000,0,0,0.00000,0.00000,0.00000,0,0,0,0,0.000,1,1,1,1,1,1,1,0,0.00000,0,,2596.21680,59.61459,0,
0,NewMedia0,522,8.59393,2367130495043,1.39095,-2.29465,8.37822,0.21571,27,1,1.46779,-2.26730,1,0.47396,0.11296,0, ,0,,0.25481,0.28559,15.40535,0.92289,1,0.61263,0.18919,19.97922,0.92943,1,0,0.00000,6,4.46670,1,5.17106,1,0.00000,0,0,0.00000,0.00000,0.00000,0,0,0,0,0.000,1,1,1,1,1,1,1,0,0.00000,0,,1290.88525,49.82838,0,
0,NewMedia0,570,9.38048,2367138360536,0.74327,-1.15981,9.30087,0.07961,28,1,0.72947,-1.18166,1,0.47396,0.11296,0, ,0,,0.22936,0.28044,15.53784,0.58520,1,0.57887,0.18000,17.03739,0.58520,1,0,0.00000,6,4.68400,1,5.00112,1,0.00000,0,0,0.00000,0.00000,0.00000,0,0,0,0,0.000,1,1,1,1,1,1,1,0,0.00000,0,,1746.01501,224.58421,0,
0,NewMedia0,588,9.67596,2367141315501,0.66363,-2.59475,9.44618,0.22978,29,1,0.70817,-2.88387,1,0.47396,0.11296,0, ,0,,0.22875,0.27697,15.75684,0.58520,1,0.57874,0.17825,17.57519,0.58520,1,0,0.00000,6,4.81158,1,5.15556,1,0.00000,0,0,0.00000,0.00000,0.00000,0,0,0,0,0.000,1,1,1,1,1,1,1,0,0.00000,0,,1557.26038,95.63499,0,
0,NewMedia0,607,9.98860,2367144441782,0.07266,0.96157,9.79074,0.19786,30,1,0.45698,0.06478,1,0.47396,0.11296,0, ,0,,0.24052,0.28988,16.60130,0.81929,1,0.59110,0.19201,18.22476,0.81929,1,0,0.00000,6,4.78106,1,5.21188,1,0.00000,0,0,0.00000,0.00000,0.00000,0,0,0,0,0.000,1,1,1,1,1,1,1,0,0.00000,0,,4004.92188,253.54173,0,
0,NewMedia0,623,10.25107,2367147066458,0.52836,-0.41623,10.05392,0.19714,31,1,0.80973,-1.25212,1,0.47396,0.11296,0, ,0,,0.23485,0.28766,16.20044,0.68697,1,0.58501,0.18874,17.42171,0.68697,1,0,0.00000,6,4.86056,1,5.52493,1,0.00000,0,0,0.00000,0.00000,0.00000,0,0,0,0,0.000,1,1,1,1,1,1,1,0,0.00000,0,,1726.19299,59.54487,0,
0,NewMedia0,648,10.66165,2367151172283,0.74241,-1.34405,10.31689,0.34476,32,1,0.78198,-1.24112,1,0.47396,0.11296,0, ,0,,0.22710,0.28799,16.46290,0.60771,1,0.57591,0.18491,17.96423,0.60771,1,0,0.00000,6,4.82117,1,5.28744,1,0.00000,0,0,0.00000,0.00000,0.00000,0,0,0,0,0.000,1,1,1,1,1,1,1,0,0.00000,0,,1083.04980,67.69965,0,
0,NewMedia0,654,10.76035,2367152159225,0.77292,-1.31843,10.67822,0.08212,33,1,0.72524,-1.30760,1,0.47396,0.11296,0, ,0,,0.23033,0.29744,16.65458,0.62134,1,0.58044,0.19504,18.54785,0.63533,1,0,0.00000,6,4.91674,1,5.43591,1,0.00000,0,0,0.00000,0.00000,0.00000,0,0,0,0,0.000,1,1,1,1,1,1,1,0,0.00000,0,,64.78536,334.71637,0,
0,NewMedia0,692,11.38754,2367158431151,0.32539,0.64138,11.17244,0.21510,34,1,0.34474,0.63044,1,0.47396,0.11296,0, ,0,,0.25519,0.30423,16.39017,0.79001,1,0.60624,0.28095,20.43827,0.79001,1,0,0.00000,6,5.14642,1,5.40779,1,0.00000,0,0,0.00000,0.00000,0.00000,0,0,0,0,0.000,1,1,1,1,1,1,1,0,0.00000,0,,2284.35913,247.90471,0,
0,NewMedia0,710,11.68069,2367161362775,0.35559,0.70598,11.45090,0.22980,35,1,0.46061,0.78528,1,0.47396,0.11296,0, ,0,,0.25835,0.33007,17.59355,0.83159,1,0.62884,0.25240,22.05087,0.83159,1,0,0.00000,6,4.72966,1,5.79117,1,0.00000,0,0,0.00000,0.00000,0.00000,0,0,0,0,0.000,1,1,1,1,1,1,1,0,0.00000,0,,90.71772,309.72989,0,
0,NewMedia0,724,11.91061,2367163661901,0.27751,0.71979,11.69725,0.21336,36,1,-0.00824,0.71661,1,0.50781,0.11019,0, ,0,,0.23644,0.30448,19.67123,0.84207,1,0.59430,0.23408,21.74304,0.85972,1,0,0.00000,6,5.11588,1,5.43817,1,0.00000,0,0,0.00000,0.00000,0.00000,0,0,0,0,0.000,1,1,1,1,1,1,1,0,0.00000,0,,150.65373,185.68163,0,
0,NewMedia0,735,12.09079,2367165463711,0.04705,0.70645,11.97618,0.11461,37,1,0.01635,0.82427,1,0.69948,0.07685,0, ,0,,0.22331,0.27743,18.63522,0.89320,1,0.58346,0.20074,21.55481,0.89320,1,0,0.00000,6,5.07310,1,5.24425,1,0.00000,0,0,0.00000,0.00000,0.00000,0,0,0,0,0.000,1,1,1,1,1,1,1,0,0.00000,0,,442.71765,178.13512,0,
0,NewMedia0,750,12.33801,2367167935879,1.86466,-2.07737,12.25513,0.08289,38,1,1.83654,-2.02529,1,0.76615,0.22500,0, ,0,,0.23170,0.27509,17.98751,1.03689,1,0.59452,0.18566,21.43370,1.03689,1,0,0.00000,6,4.50692,1,5.22308,1,0.00000,0,0,0.00000,0.00000,0.00000,0,0,0,0,0.000,1,1,1,1,1,1,1,0,0.00000,0,,4606.29785,40.74540,0,
0,NewMedia0,772,12.69894,2367171545224,0.23632,0.70012,12.50185,0.19710,39,1,0.22147,0.76798,1,0.58490,0.51204,0, ,0,,0.20906,0.31039,17.56364,0.77671,0,0.55251,0.24471,18.56009,0.78197,1,0,0.00000,6,4.76138,0,5.50943,1,0.00000,0,0,0.00000,0.00000,0.00000,0,0,0,0,0.000,1,1,1,1,1,1,1,0,0.00000,0,,4332.73486,223.81496,0,
0,NewMedia0,794,13.06027,2367175158555,0.12691,0.71424,12.86330,0.19698,40,1,0.11991,0.50955,1,0.52969,0.51111,0, ,0,,0.21970,0.32526,16.55882,0.78731,1,0.58266,0.23838,18.34523,0.79316,1,0,0.00000,6,4.88747,1,5.19915,1,0.00000,0,0,0.00000,0.00000,0.00000,0,0,0,0,0.000,1,1,1,1,1,1,1,0,0.00000,0,,210.61998,184.15205,0,
0,NewMedia0,809,13.30695,2367177625190,0.06808,0.60007,13.07666,0.23029,41,1,0.00218,0.76344,1,0.61771,0.55463,0, ,0,,0.24672,0.32139,16.43711,0.82896,1,0.61832,0.23239,18.44275,0.83549,1,0,0.00000,6,4.52955,1,4.98307,1,0.00000,0,0,0.00000,0.00000,0.00000,0,0,0,0,0.000,1,1,1,1,1,1,1,0,0.00000,0,,167.21928,132.49158,0,
0,NewMedia0,825,13.56998,2367180255587,0.19119,0.33102,13.37250,0.19748,42,1,0.19909,0.30081,1,0.72656,0.56019,0, ,0,,0.28052,0.31748,17.68522,0.92943,1,0.66584,0.23003,20.54535,0.93678,1,0,0.00000,6,4.65492,1,4.78919,1,0.00000,0,0,0.00000,0.00000,0.00000,0,0,0,0,0.000,1,1,1,1,1,1,1,0,0.00000,0,,374.57260,50.87292,0,
0,NewMedia0,840,13.81616,2367182717415,0.15600,0.32239,13.58604,0.23012,43,1,0.17743,0.23043,1,0.76250,0.54352,0, ,0,,0.30050,0.30331,17.77000,0.95810,1,0.69284,0.22203,20.44482,0.95810,1,0,0.00000,5,4.30464,1,4.69604,1,0.00000,0,0,0.00000,0.00000,0.00000,0,0,0,0,0.000,1,1,1,1,1,1,1,0,0.00000,0,,68.20462,172.14575,0,
0,NewMedia0,848,13.94727,2367184028455,0.19384,0.25724,13.88223,0.06503,44,1,0.11141,0.74997,1,0.82760,0.53704,0, ,0,,0.30393,0.29965,16.23800,0.92943,1,0.69927,0.22311,20.27297,0.92943,1,0,0.00000,5,4.04697,1,4.78634,1,0.00000,0,0,0.00000,0.00000,0.00000,0,0,0,0,0.000,1,1,1,1,1,1,1,0,0.00000,0,,101.13969,44.08233,0,
0,NewMedia0,881,14.48961,2367189451880,0.05291,0.87672,14.16104,0.32857,45,1,-0.23195,0.90958,1,0.57083,0.57778,0, ,0,,0.27897,0.30290,17.75817,0.84529,1,0.64821,0.22669,18.99422,0.84529,1,0,0.00000,5,4.51587,1,4.47936,1,0.00000,0,0,0.00000,0.00000,0.00000,0,0,0,0,0.000,1,1,1,1,1,1,1,0,0.00000,0,,721.68481,247.97964,0,
0,NewMedia0,906,14.90028,2367193558676,-0.02107,0.77650,14.60452,0.29576,46,1,-0.09695,0.75693,1,0.66615,0.57315,0, ,0,,0.26867,0.32931,17.70609,0.95148,1,0.64066,0.24985,19.36265,0.95148,1,0,0.00000,5,4.58678,1,4.78033,1,0.00000,0,0,0.00000,0.00000,0.00000,0,0,0,0,0.000,1,1,1,1,1,1,1,0,0.00000,0,,178.58105,142.69211,0,
0,NewMedia0,935,15.37703,2367198326068,0.02567,1.30213,15.16301,0.21402,47,1,0.39375,1.52901,1,0.55521,0.65278,0, ,0,,0.27620,0.32327,16.89717,0.83901,1,0.65394,0.24779,19.00443,0.84486,1,0,0.00000,5,4.48833,1,4.47443,1,0.00000,0,0,0.00000,0.00000,0.00000,0,0,0,0,0.000,1,1,1,1,1,1,1,0,0.00000,0,,574.72992,278.98315,0,
0,NewMedia0,966,15.88599,2367203415659,0.23946,1.26307,15.64043,0.24556,48,1,-0.10702,1.25446,1,0.58854,0.63704,0, ,0,,0.28111,0.29862,16.21431,0.77000,1,0.66656,0.23111,16.97558,0.77000,1,0,0.00000,5,4.56034,1,4.66900,1,0.00000,0,0,0.00000,0.00000,0.00000,0,0,0,0,0.000,1,1,1,1,1,1,1,0,0.00000,0,,412.63879,5.86770,0,
0,NewMedia0,983,16.16544,2367206210083,-0.15633,1.22107,15.95183,0.21361,49,1,0.22156,1.15164,1,0.60938,0.62222,0, ,0,,0.27860,0.31104,15.94107,0.90998,1,0.66263,0.23982,16.39711,0.91652,1,0,0.00000,5,4.61740,1,4.88817,1,0.00000,0,0,0.00000,0.00000,0.00000,0,0,0,0,0.000,1,1,1,1,1,1,1,0,0.00000,0,,761.26935,176.58401,0,
0,NewMedia0,1018,16.74020,2367211957855,-0.02274,1.14188,16.52670,0.21350,50,1,0.00534,1.26663,1,0.74115,0.60278,0, ,0,,0.27899,0.31384,15.44117,0.92943,1,0.66412,0.23858,17.14450,0.92943,1,0,0.00000,5,4.28538,1,4.54937,1,0.00000,0,0,0.00000,0.00000,0.00000,0,0,0,0,0.000,1,1,1,1,1,1,1,0,0.00000,0,,270.37585,18.44049,0,
0,NewMedia0,1035,17.01970,2367214752774,-0.00485,1.21001,16.75662,0.26308,51,1,-0.05052,1.16028,1,0.76562,0.61852,0, ,0,,0.28620,0.30340,15.33363,0.87779,1,0.67319,0.22880,16.95020,0.87779,1,0,0.00000,5,4.52172,1,4.62599,1,0.00000,0,0,0.00000,0.00000,0.00000,0,0,0,0,0.000,1,1,1,1,1,1,1,0,0.00000,0,,81.20296,295.02411,0,
0,NewMedia0,1067,17.54541,2367220009827,1.65661,-1.63715,17.33211,0.21330,52,1,1.63198,-1.52071,1,0.99948,0.25556,0, ,0,,0.30145,0.30173,16.20168,0.96623,1,0.69463,0.21519,19.32691,0.96623,1,0,0.00000,5,3.93517,1,4.30921,1,0.00000,0,0,0.00000,0.00000,0.00000,0,0,0,0,0.000,1,1,1,1,1,1,1,0,0.00000,0,,4430.72607,43.94775,0,
0,NewMedia0,1071,17.61092,2367220664871,1.63699,-1.64328,17.56180,0.04912,53,1,1.73529,-1.81926,1,0.99948,0.25000,0, ,0,,0.29493,0.31495,15.58647,1.00454,1,0.68696,0.22419,18.16712,1.01189,1,0,0.00000,5,4.42617,1,4.93549,1,0.00000,0,0,0.00000,0.00000,0.00000,0,0,0,0,0.000,1,1,1,1,1,1,1,0,0.00000,0,,38.24773,170.03238,0,
0,NewMedia0,1090,17.92322,2367223788014,-0.12137,1.07860,17.72586,0.19736,54,1,-0.24517,1.10840,1,0.99740,0.23889,0, ,0,,0.27812,0.33368,15.58045,0.88113,1,0.66924,0.24403,20.12371,0.88113,1,0,0.00000,5,4.37002,1,4.51491,1,0.00000,0,0,0.00000,0.00000,0.00000,0,0,0,0,0.000,1,1,1,1,1,1,1,0,0.00000,0,,4476.51074,221.04707,0,
0,NewMedia0,1103,18.13666,2367225922403,-0.19272,0.95816,17.93971,0.19695,55,1,-0.15969,0.86062,1,0.99740,0.23889,0, ,0,,0.28237,0.32778,18.47868,0.92305,1,0.67280,0.23645,21.01183,0.92305,1,0,0.00000,5,4.08316,1,4.59512,1,0.00000,0,0,0.00000,0.00000,0.00000,0,0,0,0,0.000,1,1,1,1,1,1,1,0,0.00000,0,,188.90842,136.48354,0,
0,NewMedia0,1116,18.35033,2367228058981,-0.15652,0.89572,18.15338,0.19695,56,1,0.00352,0.65084,1,0.99896,0.24722,0, ,0,,0.28850,0.31746,17.97905,0.98751,1,0.67778,0.22631,20.45617,0.98016,1,0,0.00000,5,4.36151,1,4.56258,1,0.00000,0,0,0.00000,0.00000,0.00000,0,0,0,0,0.000,1,1,1,1,1,1,1,0,0.00000,0,,96.84163,44.13444,0,
0,NewMedia0,1133,18.62944,2367230850259,0.00234,0.55994,18.41606,0.21338,57,1,0.09364,0.35427,1,0.99948,0.26019,0, ,0,,0.29477,0.30444,17.40944,0.94413,1,0.68482,0.21451,19.51835,0.93678,1,0,0.00000,5,3.92552,1,4.65498,1,0.00000,0,0,0.00000,0.00000,0.00000,0,0,0,0,0.000,1,1,1,1,1,1,1,0,0.00000,0,,473.85797,49.93349,0,
0,NewMedia0,1149,18.89272,2367233482863,0.34074,-0.02478,18.69522,0.19749,58,1,0.46216,-0.18226,1,0.99948,0.26481,0, ,0,,0.28862,0.30191,13.79248,0.99737,1,0.67367,0.21128,15.42010,0.99737,1,0,0.00000,5,3.94686,1,4.33598,1,0.00000,0,0,0.00000,0.00000,0.00000,0,0,0,0,0.000,1,1,1,1,1,1,1,0,0.00000,0,,906.05499,44.18480,0,
0,NewMedia0,1177,19.35216,2367238077288,0.43087,0.34250,19.10596,0.24620,59,1,0.36024,0.25000,1,0.99948,0.27130,0, ,0,,0.27909,0.30143,14.88191,0.79001,1,0.66231,0.20868,16.69118,0.79001,1,0,0.00000,5,4.02918,1,4.26476,1,0.00000,0,0,0.00000,0.00000,0.00000,0,0,0,0,0.000,1,1,1,1,1,1,1,0,0.00000,0,,432.76694,293.56992,0,
0,NewMedia0,1192,19.59935,2367240549326,0.40349,0.20948,19.36876,0.23059,60,1,0.41041,0.23508,1,0.99948,0.27685,0, ,0,,0.28155,0.29846,15.07140,0.79001,1,0.66385,0.20519,16.25842,0.79001,1,0,0.00000,5,3.95680,1,4.28413,1,0.00000,0,0,0.00000,0.00000,0.00000,0,0,0,0,0.000,1,1,1,1,1,1,1,0,0.00000,0,,152.97781,110.09891,0,
0,NewMedia0,1214,19.96201,2367244175769,0.49298,-0.24558,19.71454,0.24747,61,1,0.49764,-0.25666,1,0.99948,0.28333,0, ,0,,0.29268,0.29423,15.61086,0.86844,1,0.67711,0.20310,15.96651,0.85605,1,0,0.00000,5,3.80328,1,4.19352,1,0.00000,0,0,0.00000,0.00000,0.00000,0,0,0,0,0.000,1,1,1,1,1,1,1,0,0.00000,0,,520.63428,70.72989,0,
0,NewMedia0,1236,20.32187,2367247774432,0.49882,-0.35799,20.27232,0.04955,62,1,0.49233,-0.34376,1,0.99948,0.29352,0, ,0,,0.28553,0.29714,14.56255,0.94395,1,0.66090,0.19441,15.15461,0.94395,1,0,0.00000,5,4.01634,1,4.51850,1,0.00000,0,0,0.00000,0.00000,0.00000,0,0,0,0,0.000,1,1,1,1,1,1,1,0,0.00000,0,,121.91952,84.72310,0,
0,NewMedia0,1261,20.73253,2367251881003,4.58031,3.85033,20.68303,0.04950,63,1,4.52000,3.67731,1,0.99948,0.32870,0, ,0,,0.25699,0.32402,14.10658,0.92943,1,0.62307,0.23412,16.40027,0.92943,1,0,0.00000,5,4.37274,1,4.81749,1,0.00000,0,0,0.00000,0.00000,0.00000,0,0,0,0,0.000,1,1,1,1,1,1,1,0,0.00000,0,,9059.08496,329.88715,0,
0,NewMedia0,1268,20.84769,2367253032680,4.09037,3.21685,20.79846,0.04922,64,1,3.81654,2.90367,1,0.99948,0.33796,0, ,0,,0.26627,0.32431,14.67135,0.92943,1,0.64159,0.22772,16.46690,0.92943,1,0,0.00000,5,4.20650,1,4.60438,1,0.00000,0,0,0.00000,0.00000,0.00000,0,0,0,0,0.000,1,1,1,1,1,1,1,0,0.00000,0,,1163.16821,143.97165,0,
0,NewMedia0,1293,21.25865,2367257142266,1.05669,2.75810,21.15927,0.09938,65,1,1.27093,2.72781,0,0.99896,0.37593,0, ,0,,0.25026,0.32354,14.64688,0.77051,1,0.61636,0.23370,16.54501,0.75051,1,0,0.00000,4,4.43725,1,4.64947,1,0.00000,0,0,0.00000,0.00000,0.00000,0,0,0,0,0.000,1,1,1,1,1,1,1,0,0.00000,0,,5845.70020,175.13809,0,
0,NewMedia0,1314,21.60333,2367260589175,6.06950,5.98875,21.52083,0.08250,66,1,6.05819,5.98284,0,0.99844,0.40370,0, ,0,,0.24238,0.30677,14.95736,0.68697,1,0.60356,0.21648,16.02087,0.68697,1,0,0.00000,4,4.76902,1,4.88691,1,0.00000,0,0,0.00000,0.00000,0.00000,0,0,0,0,0.000,1,1,1,1,1,1,1,0,0.00000,0,,10237.51172,340.07343,0,
0,NewMedia0,1443,23.72296,2367281785400,0.51527,1.14087,23.54150,0.18146,67,1,0.41905,1.14246,1,0.99792,0.40741,0, ,0,,0.22568,0.30063,16.08451,0.52668,1,0.58037,0.18513,18.24267,0.52668,1,0,0.00000,4,4.35959,1,4.47808,1,0.00000,0,0,0.00000,0.00000,0.00000,0,0,0,0,0.000,1,1,1,1,1,1,1,0,0.00000,0,,11880.07324,153.85057,0,
0,NewMedia0,1492,24.52733,2367289829104,8.66744,3.67982,24.47820,0.04913,68,1,7.28464,2.62096,1,0.99792,0.40741,0, ,0,,0.24408,0.27542,14.27469,1.05335,1,0.61760,0.18440,14.67742,1.05335,1,0,0.00000,4,4.22062,1,4.37289,1,0.00000,0,0,0.00000,0.00000,0.00000,0,0,0,0,0.000,1,1,1,1,1,1,1,0,0.00000,0,,15890.54102,350.06332,0,
0,NewMedia0,1513,24.87267,2367293282456,7.99727,3.10858,24.79271,0.07996,69,1,8.07312,3.30321,0,0.99635,0.42593,0, ,0,,0.22618,0.29024,14.80173,1.05335,1,0.59554,0.19342,15.38176,1.05335,1,0,0.00000,4,4.23495,1,4.32741,1,0.00000,0,0,0.00000,0.00000,0.00000,0,0,0,0,0.000,1,1,1,1,1,1,1,0,0.00000,0,,1426.98340,154.38399,0,
0,NewMedia0,1536,25.25005,2367297056190,0.51330,-0.28074,24.98737,0.26268,70,1,0.94417,0.21020,0,0.97604,0.47130,0, ,0,,0.23783,0.29617,14.85897,0.74493,1,0.60487,0.20033,16.04504,0.71820,1,0,0.00000,4,4.41356,1,4.59113,1,0.00000,0,0,0.00000,0.00000,0.00000,0,0,0,0,0.000,1,1,1,1,1,1,1,0,0.00000,0,,14828.13477,165.70825,0,
0,NewMedia0,1554,25.54703,2367300026052,2.38954,1.23772,25.31589,0.23114,71,1,3.59754,2.33528,1,0.97604,0.47130,0, ,0,,0.24051,0.29037,13.95998,0.71820,1,0.60415,0.19225,14.83972,0.71820,1,0,0.00000,4,4.34118,1,4.63595,1,0.00000,0,0,0.00000,0.00000,0.00000,0,0,0,0,0.000,1,1,1,1,1,1,1,0,0.00000,0,,3958.09766,335.52322,0,
0,NewMedia0,1575,25.89087,2367303464432,3.35409,1.96850,25.61124,0.27963,72,1,3.57448,2.33813,1,0.97604,0.47130,0, ,0,,0.23343,0.29211,14.32906,0.71820,1,0.59306,0.20671,15.37484,0.71820,1,0,0.00000,4,4.58104,1,4.65283,1,0.00000,0,0,0.00000,0.00000,0.00000,0,0,0,0,0.000,1,1,1,1,1,1,1,0,0.00000,0,,2013.09973,336.91766,0,
0,NewMedia0,1611,26.48436,2367309399327,3.02140,1.76793,26.30211,0.18225,73,1,3.03579,1.82536,0,0.98594,0.49352,0, ,0,,0.23359,0.28343,15.10122,0.71820,1,0.59127,0.19138,15.95121,0.71820,1,0,0.00000,4,4.60121,1,4.76691,1,0.00000,0,0,0.00000,0.00000,0.00000,0,0,0,0,0.000,1,1,1,1,1,1,1,0,0.00000,0,,674.49432,161.26735,0,
0,NewMedia0,1652,27.15619,2367316117737,0.13624,0.58428,26.89316,0.26303,74,1,0.37576,0.14122,1,0.47344,0.47222,0, ,0,,0.23781,0.30711,14.80756,0.70501,1,0.59744,0.20875,16.26593,0.73359,1,0,0.00000,3,4.37912,1,4.58227,1,0.00000,0,0,0.00000,0.00000,0.00000,0,0,0,0,0.000,1,1,1,1,1,1,1,0,0.00000,0,,5685.09424,167.00543,0,
0,NewMedia0,1688,27.74736,2367322029384,0.87728,-0.81441,27.51738,0.22998,75,1,1.11914,-0.95541,1,0.72604,0.44722,0, ,0,,0.27555,0.30534,16.79649,1.01385,1,0.64915,0.20324,19.36395,0.99816,1,0,0.00000,3,3.98737,1,4.55797,1,0.00000,0,0,0.00000,0.00000,0.00000,0,0,0,0,0.000,1,1,1,1,1,1,1,0,0.00000,0,,2075.14307,46.71420,0,
0,NewMedia0,1704,28.01007,2367324656530,1.20590,-1.14067,27.81329,0.19678,76,1,1.39256,-1.34524,1,0.99948,0.35926,0, ,0,,0.27414,0.30742,17.24956,1.05716,1,0.64780,0.20602,19.72303,1.05716,1,0,0.00000,3,4.18116,1,4.63223,1,0.00000,0,0,0.00000,0.00000,0.00000,0,0,0,0,0.000,1,1,1,1,1,1,1,0,0.00000,0,,722.67316,29.18163,0,
0,NewMedia0,1746,28.69997,2367331555491,1.22930,1.62807,28.61781,0.08215,77,1,1.25872,1.71451,1,0.99740,0.37685,0, ,0,,0.20395,0.32318,13.64616,0.54484,1,0.55165,0.22755,15.20245,0.54484,1,0,0.00000,3,4.48101,1,4.69130,1,0.00000,0,0,0.00000,0.00000,0.00000,0,0,0,0,0.000,1,1,1,1,1,1,1,0,0.00000,0,,2990.57690,270.86081,0,
0,NewMedia0,1773,29.14334,2367335989200,0.24362,0.61217,29.01213,0.13121,78,1,0.29452,0.62604,0,0.99948,0.41481,0, ,0,,0.19291,0.31415,13.95255,0.58520,1,0.53848,0.23420,15.16811,0.58520,1,0,0.00000,3,4.58327,1,4.83269,1,0.00000,0,0,0.00000,0.00000,0.00000,0,0,0,0,0.000,1,1,1,1,1,1,1,0,0.00000,0,,2187.54761,149.89717,0,
0,NewMedia0,1813,29.80112,2367342566927,-0.21129,1.97440,29.55435,0.24677,79,1,-0.13485,1.88131,1,0.99948,0.45741,0, ,0,,0.19674,0.32662,15.73066,0.58520,1,0.54431,0.23650,15.86835,0.58520,1,0,0.00000,3,4.82787,1,4.80188,1,0.00000,0,0,0.00000,0.00000,0.00000,0,0,0,0,0.000,1,1,1,1,1,1,1,0,0.00000,0,,1710.94409,239.30324,0,
0,NewMedia0,1823,29.96503,2367344206053,-0.10448,1.64038,29.91571,0.04932,80,1,-0.06036,1.68342,1,0.99948,0.48519,0, ,0,,0.19561,0.30852,15.46664,0.58520,1,0.54262,0.23446,16.29532,0.58520,1,0,0.00000,3,5.20386,1,4.85202,1,0.00000,0,0,0.00000,0.00000,0.00000,0,0,0,0,0.000,1,1,1,1,1,1,1,0,0.00000,0,,414.95822,60.38253,0,
0,NewMedia0,1998,32.83980,2367372953778,17.48042,-22.61860,32.79079,0.04901,81,1,17.35987,-22.46849,1,0.17760,0.42407,0, ,0,,0.19699,0.30973,13.95778,0.63202,1,0.54385,0.20709,15.63771,0.63202,1,0,0.00000,2,4.48240,1,4.79631,1,0.00000,0,0,0.00000,0.00000,0.00000,0,0,0,0,0.000,1,1,1,1,1,1,1,0,0.00000,0,,42735.99219,37.81105,0,
0,NewMedia0,2019,33.18533,2367376409077,9.95733,-11.27469,33.10301,0.08232,82,1,9.92101,-11.28600,1,0.27135,0.37963,0, ,0,,0.19923,0.31923,14.78493,0.63202,1,0.54539,0.22304,15.76545,0.63202,1,0,0.00000,2,4.70118,1,4.94959,1,0.00000,0,0,0.00000,0.00000,0.00000,0,0,0,0,0.000,1,1,1,1,1,1,1,0,0.00000,0,,18940.33203,220.30402,0,
0,NewMedia0,2043,33.57957,2367380351553,0.41248,0.38738,33.49753,0.08205,83,1,0.29352,0.42483,1,0.41563,0.37593,0, ,0,,0.20694,0.30893,14.75190,0.57047,1,0.55673,0.20899,15.83389,0.55944,1,0,0.00000,2,4.43136,1,4.86816,1,0.00000,0,0,0.00000,0.00000,0.00000,0,0,0,0,0.000,1,1,1,1,1,1,1,0,0.00000,0,,22236.93555,214.49968,0,
0,NewMedia0,2083,34.23982,2367386953977,0.39283,0.01017,34.03946,0.20036,84,1,0.39100,0.00808,1,0.53490,0.42778,0, ,0,,0.22698,0.28432,15.32351,0.75823,1,0.58139,0.18963,16.77822,0.78238,1,0,0.00000,3,4.48712,1,4.78249,1,0.00000,0,0,0.00000,0.00000,0.00000,0,0,0,0,0.000,1,1,1,1,1,1,1,0,0.00000,0,,409.13004,95.29105,0,
0,NewMedia0,2159,35.48508,2367399406582,15.05261,-14.27032,35.43590,0.04918,85,1,15.16156,-13.80987,1,0.14427,0.65000,0, ,0,,0.20539,0.29815,12.51087,0.83159,1,0.55414,0.19879,13.66902,0.83159,1,0,0.00000,3,4.05940,1,4.27888,1,0.00000,0,0,0.00000,0.00000,0.00000,0,0,0,0,0.000,1,1,1,1,1,1,1,0,0.00000,0,,32095.29297,28.72039,0,
0,NewMedia0,2226,36.58574,2367410413230,0.59073,-0.49335,36.48712,0.09862,86,1,0.62855,-0.59169,1,0.41667,0.80185,0, ,0,,0.24291,0.30916,16.82354,1.04502,1,0.61009,0.21059,17.90047,1.05335,1,0,0.00000,3,4.46904,1,4.62167,1,0.00000,0,0,0.00000,0.00000,0.00000,0,0,0,0,0.000,1,1,1,1,1,1,1,0,0.00000,0,,31502.13086,208.18509,0,
0,NewMedia0,2244,36.88138,2367413369498,1.26934,-1.16052,36.65146,0.22992,87,1,0.88443,-0.60811,1,0.90938,0.58426,0, ,0,,0.26269,0.29902,16.57222,1.01266,1,0.63498,0.20285,18.44296,1.02002,1,0,0.00000,3,3.91390,1,4.33149,1,0.00000,0,0,0.00000,0.00000,0.00000,0,0,0,0,0.000,1,1,1,1,1,1,1,0,0.00000,0,,1488.89648,28.94336,0,
0,NewMedia0,2259,37.12766,2367415832323,0.60254,-0.36889,37.04575,0.08191,88,1,0.61261,-0.39902,1,0.93854,0.48519,0, ,0,,0.27228,0.29984,17.35461,1.02002,1,0.64517,0.20367,19.07153,1.02002,1,0,0.00000,3,3.97458,1,4.84951,1,0.00000,0,0,0.00000,0.00000,0.00000,0,0,0,0,0.000,1,1,1,1,1,1,1,0,0.00000,0,,1539.48450,213.73517,0,
0,NewMedia0,2266,37.24292,2367416984984,-0.07734,0.35772,37.19366,0.04926,89,1,0.14519,0.13584,1,0.97344,0.51019,0, ,0,,0.27650,0.30026,17.84244,1.01653,1,0.65048,0.20647,20.32027,1.02388,1,0,0.00000,3,4.13116,1,4.92314,1,0.00000,0,0,0.00000,0.00000,0.00000,0,0,0,0,0.000,1,1,1,1,1,1,1,0,0.00000,0,,1523.09058,211.01270,0,
0,NewMedia0,2282,37.50787,2367419634462,-0.00858,0.29413,37.30841,0.19946,90,1,0.06178,0.23759,1,0.99792,0.59815,0, ,0,,0.28271,0.29985,18.11522,1.09049,1,0.65787,0.20712,21.17317,1.09049,1,0,0.00000,3,4.17887,1,5.01830,1,0.00000,0,0,0.00000,0.00000,0.00000,0,0,0,0,0.000,1,1,1,1,1,1,1,0,0.00000,0,,148.81406,27.48372,0,
0,NewMedia0,2319,38.11349,2367425690678,-0.20876,1.59688,37.96582,0.14767,91,1,0.66779,1.85185,1,0.99948,0.77407,0, ,0,,0.21949,0.32449,15.26606,0.64010,1,0.57307,0.22641,16.04540,0.73780,1,0,0.00000,3,4.60419,1,4.78650,1,0.00000,0,0,0.00000,0.00000,0.00000,0,0,0,0,0.000,1,1,1,1,1,1,1,0,0.00000,0,,1458.52185,254.72115,0,
0,NewMedia0,2494,40.98848,2367454440595,-1.37306,3.55576,40.79166,0.19682,92,1,-1.23659,3.81913,1,0.61250,0.98889,0, ,0,,0.24618,0.34744,14.54401,0.94903,1,0.61753,0.26171,14.84996,0.94903,1,0,0.00000,3,4.17905,1,4.41925,1,0.00000,0,0,0.00000,0.00000,0.00000,0,0,0,0,0.000,1,1,1,1,1,1,1,0,0.00000,0,,3077.82153,223.42198,0,
0,NewMedia0,2514,41.31691,2367457724943,-1.11296,3.23064,41.10339,0.21352,93,1,-0.77951,2.90394,1,0.69479,0.99259,0, ,0,,0.24971,0.34255,15.28161,0.88417,1,0.62258,0.25862,16.89864,0.89070,1,0,0.00000,3,4.35517,1,4.60478,1,0.00000,0,0,0.00000,0.00000,0.00000,0,0,0,0,0.000,1,1,1,1,1,1,1,0,0.00000,0,,610.47888,35.11160,0,
0,NewMedia0,2555,41.99052,2367464461082,-0.99036,2.68068,41.72780,0.26273,94,1,-0.87052,2.50409,1,0.70104,0.88889,0, ,0,,0.26148,0.33129,15.49322,0.88683,1,0.63710,0.24710,19.84999,0.88683,1,0,0.00000,3,4.45239,1,4.64740,1,0.00000,0,0,0.00000,0.00000,0.00000,0,0,0,0,0.000,1,1,1,1,1,1,1,0,0.00000,0,,638.90039,68.38100,0,
0,NewMedia0,2578,42.37015,2367468257239,-1.29913,3.32550,42.30292,0.06723,95,1,-1.13648,3.31472,1,0.69063,0.88796,0, ,0,,0.25707,0.33663,15.78481,0.89989,1,0.63311,0.24872,19.17694,0.90724,1,0,0.00000,3,4.31900,1,5.04846,1,0.00000,0,0,0.00000,0.00000,0.00000,0,0,0,0,0.000,1,1,1,1,1,1,1,0,0.00000,0,,914.56982,229.59280,0,
0,NewMedia0,2594,42.63136,2367470869456,-1.25480,3.39279,42.43411,0.19725,96,1,-1.35156,3.40692,1,0.68854,0.96481,0, ,0,,0.25508,0.34057,15.21473,0.89584,1,0.62871,0.25271,15.88096,0.88848,1,0,0.00000,3,4.50324,1,4.63025,1,0.00000,0,0,0.00000,0.00000,0.00000,0,0,0,0,0.000,1,1,1,1,1,1,1,0,0.00000,0,,111.91858,319.50806,0,
0,NewMedia0,2619,43.04224,2367474978167,-0.70781,2.66320,42.84502,0.19722,97,1,-0.48897,2.91848,1,0.68854,0.96852,0, ,0,,0.25801,0.33204,15.51389,0.93660,1,0.63176,0.24463,15.75211,0.94395,1,0,0.00000,3,4.40366,1,4.69482,1,0.00000,0,0,0.00000,0.00000,0.00000,0,0,0,0,0.000,1,1,1,1,1,1,1,0,0.00000,0,,1312.95105,36.88009,0,
0,NewMedia0,2638,43.35420,2367478097826,-0.32588,2.12784,43.15732,0.19688,98,1,-0.12148,1.91632,1,0.68854,0.96852,0, ,0,,0.25844,0.33037,14.69703,0.96583,1,0.63240,0.24369,15.96248,0.95847,1,0,0.00000,3,4.48182,1,4.56246,1,0.00000,0,0,0.00000,0.00000,0.00000,0,0,0,0,0.000,1,1,1,1,1,1,1,0,0.00000,0,,933.83038,38.25468,0,
0,NewMedia0,2686,44.14316,2367485987308,-1.38883,3.28936,43.86336,0.27980,99,1,-1.19912,3.17405,1,0.71250,0.97222,0, ,0,,0.26566,0.33459,14.89553,0.92195,1,0.64232,0.24721,18.61575,0.92195,1,0,0.00000,3,4.30404,1,4.69108,1,0.00000,0,0,0.00000,0.00000,0.00000,0,0,0,0,0.000,1,1,1,1,1,1,1,0,0.00000,0,,2395.56860,211.57747,0,
0,NewMedia0,2711,44.55383,2367490094158,-0.63426,2.29150,44.35649,0.19734,100,1,-0.78977,2.24572,1,0.71302,0.87407,0, ,0,,0.26962,0.31612,15.58892,0.93219,1,0.64259,0.22988,15.60190,0.93954,1,0,0.00000,3,4.34595,1,4.65507,1,0.00000,0,0,0.00000,0.00000,0.00000,0,0,0,0,0.000,1,1,1,1,1,1,1,0,0.00000,0,,1805.64673,36.64417,0,
0,NewMedia0,2721,44.71768,2367491732620,-0.83425,2.30493,44.66827,0.04941,101,1,-0.79260,2.24585,1,0.71302,0.85741,0, ,0,,0.27731,0.29937,16.38750,0.93660,1,0.64889,0.21357,19.09071,0.93660,1,0,0.00000,3,4.77490,1,4.47343,1,0.00000,0,0,0.00000,0.00000,0.00000,0,0,0,0,0.000,1,1,1,1,1,1,1,0,0.00000,0,,384.25467,182.16325,0,
0,NewMedia0,2768,45.49040,2367499459838,0.48824,-0.20199,45.22729,0.26311,102,1,0.49981,-0.39445,1,0.71302,0.85741,0, ,0,,0.23215,0.24243,14.70278,0.79002,1,0.57184,0.13193,16.54128,0.79002,1,0,0.00000,3,4.32947,1,4.57843,1,0.00000,0,0,0.00000,0.00000,0.00000,0,0,0,0,0.000,1,1,1,1,1,1,1,0,0.00000,0,,3711.85303,46.83720,0,
0,NewMedia0,2772,45.55591,2367500114903,0.48289,-0.24681,45.50670,0.04921,103,1,0.47589,-0.21194,1,0.71302,0.85741,0, ,0,,0.22628,0.24741,14.34564,0.80722,1,0.56435,0.13362,16.06030,0.82487,1,0,0.00000,3,4.44785,1,4.87712,1,0.00000,0,0,0.00000,0.00000,0.00000,0,0,0,0,0.000,1,1,1,1,1,1,1,0,0.00000,0,,49.48350,101.98080,0,
0,NewMedia0,2804,46.08282,2367505384080,0.54567,-0.69338,45.86778,0.21504,104,1,0.72644,-1.04370,1,0.53906,0.35185,0, ,0,,0.20070,0.24019,15.23619,0.69377,1,0.53860,0.12306,16.15322,0.68186,1,0,0.00000,3,4.42742,1,4.82156,1,0.00000,0,0,0.00000,0.00000,0.00000,0,0,0,0,0.000,1,1,1,1,1,1,1,0,0.00000,0,,497.13013,75.96781,0,
0,NewMedia0,2832,46.54135,2367509969220,0.70212,-0.92355,46.29486,0.24649,105,1,0.64359,-0.86525,1,0.49427,0.06759,0, ,0,,0.21807,0.24105,15.51691,0.65502,1,0.55864,0.12851,16.83056,0.65835,1,0,0.00000,3,4.67622,1,4.99892,1,0.00000,0,0,0.00000,0.00000,0.00000,0,0,0,0,0.000,1,1,1,1,1,1,1,0,0.00000,0,,389.90305,39.60955,0,
0,NewMedia0,2848,46.80426,2367512598415,0.70193,-0.88854,46.55792,0.24634,106,1,0.71582,-0.90223,1,0.47448,0.08426,0, ,0,,0.21560,0.24720,15.54570,0.65835,1,0.55552,0.13382,16.45868,0.65835,1,0,0.00000,3,4.55757,1,4.81476,1,0.00000,0,0,0.00000,0.00000,0.00000,0,0,0,0,0.000,1,1,1,1,1,1,1,0,0.00000,0,,37.81255,269.44711,0,
0,NewMedia0,2864,47.06812,2367515236960,0.71539,-0.98802,46.82059,0.24753,107,1,0.74575,-0.97260,1,0.46875,0.08981,0, ,0,,0.21659,0.25275,15.51314,0.64193,1,0.55766,0.13995,16.78849,0.63860,1,0,0.00000,3,4.59923,1,4.82305,1,0.00000,0,0,0.00000,0.00000,0.00000,0,0,0,0,0.000,1,1,1,1,1,1,1,0,0.00000,0,,110.50288,76.47501,0,
0,NewMedia0,2890,47.49411,2367519496927,0.73305,-1.01832,47.08365,0.41046,108,1,0.71323,-1.04106,1,0.46823,0.08981,0, ,0,,0.22086,0.25392,14.22181,0.65835,1,0.56215,0.14088,15.90469,0.65835,1,0,0.00000,3,4.28147,1,4.63335,1,0.00000,0,0,0.00000,0.00000,0.00000,0,0,0,0,0.000,1,1,1,1,1,1,1,0,0.00000,0,,47.12265,43.98265,0,